slug,name,status,market,neighborhood,year_completed,beds,baths,sqft,completed_home_value,style,card_photo,hero_photo,photo_folder,builder,featured,check
mitchell,Mitchell,sold,Scottsdale,,2024,4,3.5,3957,2171500,,https://ellaleehomes.com/wp-content/uploads/2025/02/0H0A6650.jpg,https://ellaleehomes.com/wp-content/uploads/2025/02/0H0A6650.jpg,,,no,"style is blank: the card says ""Modern Transitional""; choose farmhouse or contemporary (the two filters on the portfolio)"
apache,Apache,sold,Scottsdale,,2025,5,5,3527,2300500,contemporary,https://ellaleehomes.com/wp-content/uploads/2025/02/0H0A0350.jpg,https://ellaleehomes.com/wp-content/uploads/2025/02/0H0A0350.jpg,,,no,
2nd-st,2nd St,sold,Scottsdale,,2023,5,4.5,3841,1700000,contemporary,https://ellaleehomes.com/wp-content/uploads/2025/02/608A6138_page-0001.jpg,https://ellaleehomes.com/wp-content/uploads/2025/02/608A6138_page-0001.jpg,,,no,
41st,41st,sold,,,2026,4,4.5,2970,2150000,,https://ellaleehomes.com/wp-content/uploads/2025/02/4-2.jpg,https://ellaleehomes.com/wp-content/uploads/2025/02/4-2.jpg,,,no,"style is blank: the card says ""Modern""; choose farmhouse or contemporary (the two filters on the portfolio)"
5th-st,5th St,sold,Scottsdale,,2023,5,5,3934,2100000,contemporary,https://ellaleehomes.com/wp-content/uploads/2025/02/0H0A3895.jpg,https://ellaleehomes.com/wp-content/uploads/2025/02/0H0A3895.jpg,,,no,same value as 4th St
glenrosa,Glenrosa,for-sale,Arcadia,,2025,5,6,3689,2450000,contemporary,https://lh3.googleusercontent.com/d/1rc6nTz1PFyzqZ6v1k5DY7YLvYZ6dVrtT,https://lh3.googleusercontent.com/d/1rc6nTz1PFyzqZ6v1k5DY7YLvYZ6dVrtT,,,yes,
5th-st-2,5th St 2,sold,Scottsdale,,2023,5,4,3480,1850000,contemporary,https://photos.zillowstatic.com/fp/97bd9efd44d0083b51918b51c8523452-cc_ft_1536.jpg,https://photos.zillowstatic.com/fp/97bd9efd44d0083b51918b51c8523452-cc_ft_1536.jpg,,,no,
charter-oak,Charter Oak,sold,Scottsdale,,2024,5,5.2,4833,7035000,farmhouse,https://lh3.googleusercontent.com/d/1mbmQTKDq74aXItTCf1EAVaA7i2tD9ofO,https://lh3.googleusercontent.com/d/1mbmQTKDq74aXItTCf1EAVaA7i2tD9ofO,,,yes,"baths shown as 5.2: use a whole or half number (5, 5.5, 6); same value as 68th St"
68th,68th St,sold,Paradise Valley,,2024,5,5.5,5214,7035000,,https://ellaleehomes.com/wp-content/uploads/2025/02/0H0A5254.jpg,https://ellaleehomes.com/wp-content/uploads/2025/02/0H0A5254.jpg,,,yes,"style is blank: the card says ""Modern""; choose farmhouse or contemporary (the two filters on the portfolio); same value as Charter Oak"
dc2,Desert Cove II,sold,Arcadia,,2023,6,7.5,5874,4400000,contemporary,https://ellaleehomes.com/wp-content/uploads/2025/10/IMG_2330-2.jpg,https://ellaleehomes.com/wp-content/uploads/2025/10/IMG_2330-2.jpg,,,no,
68th-2,68th II,sold,Scottsdale,,2025,6,7,5197,3750000,contemporary,https://ellaleehomes.com/wp-content/uploads/2025/02/IMG_6759.jpg,https://ellaleehomes.com/wp-content/uploads/2025/02/IMG_6759.jpg,,,no,
dc1,Desert Cove,sold,Scottsdale,,2024,6,7.5,5547,4365000,contemporary,https://ellaleehomes.com/wp-content/uploads/2025/10/IMG_6059.jpg,https://ellaleehomes.com/wp-content/uploads/2025/10/IMG_6059.jpg,,,no,
earll,Earll,sold,Arcadia,,2025,5,7,4650,3645000,,https://ellaleehomes.com/wp-content/uploads/2025/10/IMG_8101.jpg,https://ellaleehomes.com/wp-content/uploads/2025/10/IMG_8101.jpg,,,no,"style is blank: the card says ""Modern""; choose farmhouse or contemporary (the two filters on the portfolio); same sq ft as Coolidge (and the same beds and baths)"
hazelwood-1,Hazelwood,sold,Scottsdale,,2024,5,5.5,5578,3200000,,https://ellaleehomes.com/wp-content/uploads/2025/02/0H0A2493.jpg,https://ellaleehomes.com/wp-content/uploads/2025/02/0H0A2493.jpg,,,no,"style is blank: the card says ""Transitional""; choose farmhouse or contemporary (the two filters on the portfolio); same value as Hazelwood II; same sq ft as Larkspur"
hazelwood-2,Hazelwood II,sold,Arcadia,,2024,5,6,4153,3200000,,https://ellaleehomes.com/wp-content/uploads/2025/02/1.jpg,https://ellaleehomes.com/wp-content/uploads/2025/02/1.jpg,,,no,"style is blank: the card says ""Transitional""; choose farmhouse or contemporary (the two filters on the portfolio); same value as Hazelwood"
4th-st,4th St,sold,Scottsdale,,2024,5,5,4691,2100000,,https://ellaleehomes.com/wp-content/uploads/2025/02/img51-1.jpg,https://ellaleehomes.com/wp-content/uploads/2025/02/img51-1.jpg,,,no,"style is blank: the card says ""Desert Modern""; choose farmhouse or contemporary (the two filters on the portfolio); same value as 5th St"
larkspur,Larkspur,sold,Scottsdale,,2025,3,3.5,5578,3975000,farmhouse,https://ellaleehomes.com/wp-content/uploads/2025/11/DJI_0797.jpg,https://ellaleehomes.com/wp-content/uploads/2025/11/DJI_0797.jpg,,,no,same sq ft as Hazelwood
coolidge,Coolidge,sold,,,2025,5,7,4650,3780000,contemporary,https://ellaleehomes.com/wp-content/uploads/2025/10/IMG_4680.jpg,https://ellaleehomes.com/wp-content/uploads/2025/10/IMG_4680.jpg,,,no,same sq ft as Earll (and the same beds and baths)
cudia,Cudia City,sold,Phoenix,,2024,6,7,4258,4940000,,https://photos.zillowstatic.com/fp/7b74a0e5540fc8e59e48cbb69806d577-cc_ft_1536.jpg,https://photos.zillowstatic.com/fp/7b74a0e5540fc8e59e48cbb69806d577-cc_ft_1536.jpg,,,no,"style is blank: the card says ""Modern""; choose farmhouse or contemporary (the two filters on the portfolio)"
desert-cove,Desert Cove,for-sale,Scottsdale,,2025,6,8,5644,4950000,contemporary,https://photos.zillowstatic.com/fp/0b3b9e11641a06e1ca8f9f1645dbb1ea-cc_ft_1536.jpg,https://photos.zillowstatic.com/fp/0b3b9e11641a06e1ca8f9f1645dbb1ea-cc_ft_1536.jpg,,,no,
via-estrella,Via Estrella,sold,Scottsdale,,2023,5,6.5,6222,5450000,contemporary,https://ellaleehomes.com/wp-content/uploads/2025/06/DJI_0171.jpg,https://ellaleehomes.com/wp-content/uploads/2025/06/DJI_0171.jpg,,,yes,
camino-sin-nombre,Camino,sold,Paradise Valley,,2024,6,8,8002,10000000,,https://lh3.googleusercontent.com/d/1nys_mGyOqAlr0g6F8IasLssSZm_VqnKF,https://lh3.googleusercontent.com/d/1nys_mGyOqAlr0g6F8IasLssSZm_VqnKF,,,yes,"style is blank: the card says ""Desert Estate""; choose farmhouse or contemporary (the two filters on the portfolio)"
arroyo,Arroyo,photos-only,,,,,,,,,https://lh3.googleusercontent.com/d/1784gP0GggV8zpKYA7Kql9w9IGduXinT_,https://lh3.googleusercontent.com/d/1784gP0GggV8zpKYA7Kql9w9IGduXinT_,,,no,
stanford,Stanford,photos-only,,,,,,,,,https://lh3.googleusercontent.com/d/1zqcKIpPs4DJ249PaaMJP4F-wi-1tqHoT,https://lh3.googleusercontent.com/d/1zqcKIpPs4DJ249PaaMJP4F-wi-1tqHoT,,,yes,
osborn-south,Osborn South,photos-only,,,,,,,,,https://lh3.googleusercontent.com/d/1AqwZUfukfXQbD8dEid5FSLsmhmPM_-GL,https://lh3.googleusercontent.com/d/1AqwZUfukfXQbD8dEid5FSLsmhmPM_-GL,,,no,
