slug,name,location_on_site,year_on_site,status_on_site,price_on_site,beds_on_site,baths_on_site,sqft_on_site,what_looks_wrong,CONFIRMED_price,CONFIRMED_beds,CONFIRMED_baths,CONFIRMED_sqft,CONFIRMED_year,CONFIRMED_status
charter-oak,Charter Oak,"Scottsdale, Arizona",2024,Sold 2024,"$7,035,000",5,5.2,"4,833","baths ""5.2"" is not a whole or half number; same price as 68th",,,,,,
68th,68TH &amp; Camelback,"Paradise Valley, Arizona",2024,Sold 2024,"$7,035,000",5,5.5,"5,214",same price as charter-oak,,,,,,
dc2,DC2,"Arcadia, Arizona",2023,Sold 2023,"$4,400,000",6,7.5,"5,874",,,,,,,
via-estrella,Via Estrella,"Scottsdale, Arizona",2023,Sold 2023,"$5,450,000",5,6.5,"6,222",,,,,,,
68th-2,68TH 2,"Desert Estates, Scottsdale",2025,Sold 2025,"$3,750,000",6,7,"5,197",,,,,,,
dc1,DC1,"Scottsdale, Arizona",2024,Sold,"$4,365,000",6,7.5,"5,547",,,,,,,
mitchell,Mitchell,"Scottsdale, Arizona",2024,Sold,"$2,171,500",4,3.5,"3,957",,,,,,,
earll,Earll,"Arcadia, Phoenix",2025,Sold 2025,"$3,645,000",5,7,"4,650",same sq ft as coolidge,,,,,,
hazelwood-1,Hazelwood 1,"Scottsdale, Arizona",2024,Sold,"$3,200,000",5,5.5,"5,578",same price as hazelwood-2; same sq ft as larkspur,,,,,,
hazelwood-2,Hazelwood 2,"3643 E Hazelwood St, Phoenix, AZ 85018",2024,Sold January 2024,"$3,200,000",5,6,"4,153",same price as hazelwood-1,,,,,,
apache,Apache,"Old Town Scottsdale, Arizona",2025,Sold 2025,"$2,300,500",5,5,"3,527",,,,,,,
41st,41ST,"Arcadia Lite, Phoenix",2026,Sold 2026,"$2,150,000",4,4.5,"2,970",,,,,,,
5th-st,5TH ST,"6542 E 5th St, Scottsdale, AZ 85251",2023,Sold October 2023,"$2,100,000",5,5,"3,934",same price as 4th-st,,,,,,
larkspur,Larkspur,"6126 E Larkspur Dr, Scottsdale, AZ 85254",2025,Sold November 2025,"$3,975,000",3,3.5,"5,578",same sq ft as hazelwood-1,,,,,,
4th-st,4TH ST,"Scottsdale, Arizona",2024,Sold 2024,"$2,100,000",5,5,"4,691",same price as 5th-st,,,,,,
2nd-st,2ND ST,"Old Town Scottsdale, Arizona",2023,Sold 2023,"$1,700,000",5,4.5,"3,841",,,,,,,
coolidge,Coolidge,"Arcadia Lite, Phoenix",2025,Sold 2025,"$3,780,000",5,7,"4,650",same sq ft as earll,,,,,,
glenrosa,Glenrosa,"Arcadia, Phoenix",2025,For Sale,"$2,450,000",5,6,"3,689",,,,,,,
5th-st-2,5TH ST 2,"Southwest Village, Scottsdale",2023,Sold 2023,"$1,850,000",5,4,"3,480",,,,,,,
cudia,Cudia City,"Camelback East, Phoenix",2024,Sold 2024,"$4,940,000",6,7,"4,258",,,,,,,
desert-cove,Desert Cove,"Scottsdale, Arizona",2025,For Sale,"$4,950,000",6,8,"5,644",,,,,,,
camino-sin-nombre,Camino Sin Nombre,"Paradise Valley, Arizona",2024,Sold 2024,"$10,000,000",6,8,"8,002",,,,,,,
